{
  "dropout": 0.01,
  "passes": 4,
  "l2_var": {
    "solid": [
      0.039028193801641464,
      0.12126260250806808,
      0.032170459628105164,
      0.01895933784544468,
      0.02480267733335495,
      0.23926842212677002,
      0.18236801028251648,
      0.03436309099197388,
      0.0358801893889904,
      0.030424142256379128,
      0.022730480879545212,
      0.03004179522395134,
      0.20166020095348358,
      0.10131421685218811,
      0.023734508082270622,
      0.06890229880809784,
      0.07809938490390778,
      0.20559285581111908,
      0.03693214803934097,
      0.03536868840456009,
      0.05770741403102875,
      0.033755913376808167,
      0.18607492744922638,
      0.20767433941364288,
      0.03775492310523987,
      0.21864816546440125,
      0.029752064496278763,
      0.0346602201461792,
      0.03938940912485123,
      0.026701560243964195,
      0.03421342000365257,
      0.018325522541999817,
      0.04532016068696976,
      0.2345692366361618,
      0.06784236431121826,
      0.03240593895316124,
      0.06396084278821945,
      0.0385189950466156,
      0.03694088011980057,
      0.03486184775829315,
      0.12439066171646118,
      0.16448014974594116,
      0.014165881089866161,
      0.03479275852441788,
      0.021089786663651466,
      0.0902845561504364,
      0.025789741426706314,
      0.09857475012540817,
      0.02765190787613392,
      0.08693869411945343,
      0.024760708212852478,
      0.23839086294174194,
      0.1286468803882599,
      0.022096609696745872,
      0.044870518147945404,
      0.12314426898956299,
      0.09488606452941895,
      0.03343227133154869,
      0.05803471431136131,
      0.031491342931985855,
      0.02559809572994709,
      0.22247439622879028,
      0.18560084700584412,
      0.026802832260727882,
      0.14042432606220245,
      0.0978771224617958,
      0.029644649475812912,
      0.017730779945850372,
      0.12365791946649551,
      0.022003520280122757,
      0.22548514604568481,
      0.0374612957239151,
      0.02227725274860859,
      0.01820928230881691,
      0.033403195440769196,
      0.018762564286589622,
      0.04503102973103523,
      0.1857120543718338,
      0.053796570748090744,
      0.01838574931025505,
      0.09767355769872665,
      0.05120192468166351,
      0.02909824624657631,
      0.08796313405036926,
      0.02407544106245041,
      0.03159450367093086,
      0.02015255205333233,
      0.17994406819343567,
      0.297832727432251,
      0.17907561361789703,
      0.031060580164194107,
      0.027790216729044914,
      0.016693618148565292,
      0.18992243707180023,
      0.03754689171910286,
      0.024287596344947815,
      0.09184987843036652,
      0.03339899331331253,
      0.028024010360240936,
      0.2534789741039276
    ],
    "gradient": [
      0.011601757258176804,
      0.020225340500473976,
      0.18621882796287537,
      0.0149227324873209,
      0.02258228324353695,
      0.20516735315322876,
      0.18079811334609985,
      0.15566129982471466,
      0.01673678494989872,
      0.0710875615477562,
      0.012719487771391869,
      0.017914213240146637,
      0.19263669848442078,
      0.05990474671125412,
      0.05732588469982147,
      0.19466754794120789,
      0.08527182042598724,
      0.015490777790546417,
      0.11762146651744843,
      0.014108451083302498,
      0.014749711379408836,
      0.09506483376026154,
      0.014469986781477928,
      0.09729296714067459,
      0.21318086981773376,
      0.2962131202220917,
      0.04667739197611809,
      0.2697509527206421,
      0.22017917037010193,
      0.018340978771448135,
      0.045983344316482544,
      0.022048380225896835,
      0.0380646251142025,
      0.012202156707644463,
      0.01627626270055771,
      0.015883706510066986,
      0.029829412698745728,
      0.013937808573246002,
      0.07834990322589874,
      0.18313512206077576,
      0.18019554018974304,
      0.10606769472360611,
      0.12389694899320602,
      0.013661663979291916,
      0.017511839047074318,
      0.019086984917521477,
      0.016087686643004417,
      0.01975438743829727,
      0.011485375463962555,
      0.014498300850391388,
      0.010997125878930092,
      0.014970539137721062,
      0.01535804197192192,
      0.19144995510578156,
      0.03134030103683472,
      0.014155399054288864,
      0.01906243897974491,
      0.036847688257694244,
      0.019212614744901657,
      0.22400085628032684,
      0.18698948621749878,
      0.10800810903310776,
      0.013538037426769733,
      0.14085671305656433,
      0.014520220458507538,
      0.015554982237517834,
      0.09058141708374023,
      0.08414838463068008,
      0.016125094145536423,
      0.20939046144485474,
      0.18775802850723267,
      0.07750335335731506,
      0.01623048074543476,
      0.01397800724953413,
      0.03288146108388901,
      0.04066317528486252,
      0.016858143731951714,
      0.021986503154039383,
      0.1578707993030548,
      0.01735801436007023,
      0.016747448593378067,
      0.022132977843284607,
      0.0937800407409668,
      0.02946748025715351,
      0.01777067966759205,
      0.01358100026845932,
      0.15302804112434387,
      0.015302702784538269,
      0.016792811453342438,
      0.020036466419696808,
      0.21386168897151947,
      0.09109099209308624,
      0.2078036665916443,
      0.024150701239705086,
      0.043700940907001495,
      0.019250869750976562,
      0.031241780146956444,
      0.04826969653367996,
      0.02817017212510109,
      0.06271399557590485
    ],