{
  "dropout_rates": [
    0.01,
    0.05
  ],
  "spearman": [
    [
      1.0,
      0.045954381752701084
    ],
    [
      0.045954381752701084,
      1.0
    ]
  ]
}