{
  "dropout_rates": [
    0.001,
    0.005,
    0.01,
    0.02,
    0.05,
    0.1
  ],
  "spearman": [
    [
      1.0,
      0.16956495649564954,
      -0.06436243624362435,
      -0.08783678367836784,
      0.038391839183918385,
      0.05254125412541254
    ],
    [
      0.16956495649564954,
      1.0,
      0.024386438643864382,
      -0.12634863486348633,
      0.10665466546654664,
      0.07992799279927992
    ],
    [
      -0.06436243624362435,
      0.024386438643864382,
      1.0,
      0.07932793279327933,
      0.013957395739573957,
      -0.08928892889288928
    ],
    [
      -0.08783678367836784,
      -0.12634863486348633,
      0.07932793279327933,
      1.0,
      -0.10553855385538553,
      0.06845484548454844
    ],
    [
      0.038391839183918385,
      0.10665466546654664,
      0.013957395739573957,
      -0.10553855385538553,
      1.0,
      -0.02225022502250225
    ],
    [
      0.05254125412541254,
      0.07992799279927992,
      -0.08928892889288928,
      0.06845484548454844,
      -0.02225022502250225,
      1.0
    ]
  ]
}