{
  "dropout": 0.01,
  "passes": 64,
  "l2_var": {
    "solid": [
      0.09630802273750305,
      0.12850221991539001,
      0.12980762124061584,
      0.0724094808101654,
      0.10873401910066605,
      0.08473040908575058,
      0.09302914142608643,
      0.14505188167095184,
      0.14467087388038635,
      0.11854641139507294
    ],
    "gradient": [
      0.04918903112411499,
      0.1217813640832901,
      0.09996175765991211,
      0.10671791434288025,
      0.07500904053449631,
      0.087827667593956,
      0.09619390964508057,
      0.05789925530552864,
      0.1061076819896698,
      0.09682396799325943
    ],
    "noise": [
      0.11390465497970581,
      0.05974584072828293,
      0.057600587606430054,
      0.1167597696185112,
      0.12245085090398788,
      0.062166109681129456,
      0.12514370679855347,
      0.07604056596755981,
      0.09228593856096268,
      0.07551714032888412
    ]
  }
}