{
  "block11_dropout_0.01": {
    "module": "transformer.resblocks.11.mlp.c_proj",
    "ptype": "dropout",
    "magnitude": 0.01,
    "trace_mean": 0.0003776632947847247,
    "num_trials": 5.0,
    "num_images": 500.0,
    "signal": 4.650870799594031e-09,
    "noise": 5.886974463464867e-09,
    "snr": 0.7900273440045962,
    "icc": 0.3710799710980359,
    "pairwise_spearman_median": 0.36164155856623426,
    "pairwise_spearman_iqr": 0.02085001140004561,
    "pairwise_spearman_q25": 0.3480304561218245,
    "pairwise_spearman_q75": 0.3688804675218701,
    "elapsed_sec": 454.9
  },
  "block11_dropout_0.05": {
    "module": "transformer.resblocks.11.mlp.c_proj",
    "ptype": "dropout",
    "magnitude": 0.05,
    "trace_mean": 0.0019406116334721446,
    "num_trials": 5.0,
    "num_images": 500.0,
    "signal": 9.799119737863293e-08,
    "noise": 2.6900925931272468e-08,
    "snr": 3.642670056375928,
    "icc": 0.7749101535417231,
    "pairwise_spearman_median": 0.7758569114276457,
    "pairwise_spearman_iqr": 0.031973407893631456,
    "pairwise_spearman_q25": 0.760065496261985,
    "pairwise_spearman_q75": 0.7920389041556165,
    "elapsed_sec": 353.7
  },
  "block11_gaussian_0.01": {
    "module": "transformer.resblocks.11.mlp.c_proj",
    "ptype": "gaussian",
    "magnitude": 0.01,
    "trace_mean": 1.15911661850987e-05,
    "num_trials": 5.0,
    "num_images": 500.0,
    "signal": 4.724814723494619e-12,
    "noise": 1.0326231176019905e-14,
    "snr": 457.55461435599295,
    "icc": 0.9978182829840021,
    "pairwise_spearman_median": 0.9977081348325394,
    "pairwise_spearman_iqr": 0.0002944091776366786,
    "pairwise_spearman_q25": 0.9975291421165684,
    "pairwise_spearman_q75": 0.9978235512942051,
    "elapsed_sec": 348.9
  },
  "block11_gaussian_0.05": {
    "module": "transformer.resblocks.11.mlp.c_proj",
    "ptype": "gaussian",
    "magnitude": 0.05,
    "trace_mean": 0.00028903293423354626,
    "num_trials": 5.0,
    "num_images": 500.0,
    "signal": 2.9232929410483166e-09,
    "noise": 6.3992418135316864e-12,
    "snr": 456.8186398061705,
    "icc": 0.9978147742613555,
    "pairwise_spearman_median": 0.9976861507446029,
    "pairwise_spearman_iqr": 0.00027348109392444364,
    "pairwise_spearman_q25": 0.9975308461233844,
    "pairwise_spearman_q75": 0.9978043272173088,
    "elapsed_sec": 348.2
  },
  "block11_gaussian_0.1": {
    "module": "transformer.resblocks.11.mlp.c_proj",
    "ptype": "gaussian",
    "magnitude": 0.1,
    "trace_mean": 0.0011468996526673436,
    "num_trials": 5.0,
    "num_images": 500.0,
    "signal": 4.532727615469412e-08,
    "noise": 1.0037600611800812e-10,
    "snr": 451.5748126240909,
    "icc": 0.997789443705374,
    "pairwise_spearman_median": 0.9976620066480266,
    "pairwise_spearman_iqr": 0.0002596090384360261,
    "pairwise_spearman_q25": 0.9975084780339122,
    "pairwise_spearman_q75": 0.9977680870723482,
    "elapsed_sec": 333.5
  },
  "block11_scale_0.01": {
    "module": "transformer.resblocks.11.mlp.c_proj",
    "ptype": "scale",
    "magnitude": 0.01,
    "trace_mean": 3.8060679798945785e-06,
    "num_trials": 5.0,
    "num_images": 500.0,
    "signal": 3.5927817253374184e-13,
    "noise": 1.4185706306998024e-14,
    "snr": 25.326773638088397,
    "icc": 0.9617250872806776,
    "pairwise_spearman_median": 0.9627136908547633,
    "pairwise_spearman_iqr": 0.0032507650030599855,
    "pairwise_spearman_q25": 0.9616513026052105,
    "pairwise_spearman_q75": 0.9649020676082705,
    "elapsed_sec": 333.9
  },
  "block11_scale_0.05": {
    "module": "transformer.resblocks.11.mlp.c_proj",
    "ptype": "scale",
    "magnitude": 0.05,
    "trace_mean": 9.504944318905473e-05,
    "num_trials": 5.0,
    "num_images": 500.0,
    "signal": 2.235258922400618e-10,
    "noise": 8.80516406315257e-12,
    "snr": 25.38577255765878,
    "icc": 0.9618113205405346,
    "pairwise_spearman_median": 0.9628639794559177,
    "pairwise_spearman_iqr": 0.0032297649190595745,
    "pairwise_spearman_q25": 0.9618073032292129,
    "pairwise_spearman_q75": 0.9650370681482725,
    "elapsed_sec": 334.2
  },
  "block9_dropout_0.01": {
    "module": "transformer.resblocks.9.mlp.c_proj",
    "ptype": "dropout",
    "magnitude": 0.01,
    "trace_mean": 0.000277667393675074,
    "num_trials": 5.0,
    "num_images": 500.0,
    "signal": 6.3810738915037746e-09,
    "noise": 3.210560040045607e-09,
    "snr": 1.9875267280200528,
    "icc": 0.6412590698070941,
    "pairwise_spearman_median": 0.5781668246672986,
    "pairwise_spearman_iqr": 0.020202680810723295,
    "pairwise_spearman_q25": 0.566631826527306,
    "pairwise_spearman_q75": 0.5868345073380293,
    "elapsed_sec": 334.3
  },
  "block9_gaussian_0.05": {
    "module": "transformer.resblocks.9.mlp.c_proj",
    "ptype": "gaussian",
    "magnitude": 0.05,
    "trace_mean": 0.0003363759024068713,
    "num_trials": 5.0,
    "num_images": 500.0,
    "signal": 5.874157160690174e-09,
    "noise": 5.830273763773874e-11,
    "snr": 100.75268158399297,
    "icc": 0.9901528929800192,
    "pairwise_spearman_median": 0.9890479881919527,
    "pairwise_spearman_iqr": 0.0012986451945810051,
    "pairwise_spearman_q25": 0.988195192780771,
    "pairwise_spearman_q75": 0.989493837975352,
    "elapsed_sec": 336.9
  }
}