{
  "16": {
    "spearman": 0.307311005244021,
    "snr": 5.370502948760986,
    "range": [
      0.24469960279841116,
      0.3796547346189385
    ]
  },
  "32": {
    "spearman": 0.311250381001524,
    "snr": 8.339137077331543,
    "range": [
      0.22826539306157223,
      0.33720096480385925
    ]
  },
  "64": {
    "spearman": 0.4295220860883443,
    "snr": 16.342065811157227,
    "range": [
      0.3967638270553082,
      0.4877910071640286
    ]
  },
  "128": {
    "spearman": 0.5808305473221892,
    "snr": 31.70347785949707,
    "range": [
      0.5497248868995476,
      0.6297944871779487
    ]
  },
  "256": {
    "spearman": 0.7389030516122065,
    "snr": 65.79574584960938,
    "range": [
      0.710005016020064,
      0.7660845043380173
    ]
  }
}