{
  "model": "clip_b32",
  "N": 500,
  "T": 64,
  "p": 0.01,
  "accuracy": 0.584,
  "individual_rhos": {
    "trace_pre": 0.29949671798687194,
    "trace_post": 0.2145134340537362,
    "max_dim_var": 0.09237771351085404,
    "norm_var": 0.04073373093492374,
    "mean_cosine_dev": 0.2144926122660947,
    "top_eigenvalue": 0.10300025200100799,
    "effective_rank": 0.07513220452881811,
    "spectral_entropy": 0.06172104688418753,
    "top1_ratio": -0.07874498697994792
  },
  "inter_metric_correlations": [
    [
      1.0,
      0.945189156756627,
      0.7528375073500293,
      0.6484580178320714,
      0.9451837301037406,
      0.7776950787803151,
      -0.44850928203712814,
      -0.47706411625646505,
      0.42658097032388126
    ],
    [
      0.945189156756627,
      1.0,
      0.7627590510362041,
      0.6690288841155364,
      0.9999998559994182,
      0.7971581006324024,
      -0.5072845571382286,
      -0.5223593054372218,
      0.49349102996411986
    ],
    [
      0.7528375073500293,
      0.7627590510362041,
      1.0,
      0.928198048792195,
      0.7627584156460674,
      0.9186352585410342,
      -0.8095000060000239,
      -0.8201075684302735,
      0.7960108960435841
    ],
    [
      0.6484580178320714,
      0.6690288841155364,
      0.928198048792195,
      1.0,
      0.6690208041962161,
      0.8812087408349633,
      -0.8221939447757791,
      -0.8249993639974559,
      0.8134005976023905
    ],
    [
      0.9451837301037406,
      0.9999998559994183,
      0.7627584156460674,
      0.6690208041962161,
      1.0,
      0.7971614989097484,
      -0.5072969175379227,
      -0.5223756985768284,
      0.49349950168598333
    ],
    [
      0.7776950787803151,
      0.7971581006324024,
      0.9186352585410342,
      0.8812087408349633,
      0.7971614989097484,
      1.0,
      -0.8915888783555135,
      -0.8901530006120024,
      0.8869818199272796
    ],
    [
      -0.44850928203712814,
      -0.5072845571382286,
      -0.8095000060000239,
      -0.8221939447757791,
      -0.5072969175379227,
      -0.8915888783555135,
      1.0,
      0.9908113232452929,
      -0.9896243744974978
    ],
    [
      -0.47706411625646505,
      -0.5223593054372218,
      -0.8201075684302735,
      -0.8249993639974559,
      -0.5223756985768284,
      -0.8901530006120024,
      0.9908113232452929,
      1.0,
      -0.9661770487081948
    ],
    [
      0.42658097032388126,
      0.49349102996411986,
      0.7960108960435841,
      0.8134005976023905,
      0.49349950168598333,
      0.8869818199272796,
      -0.9896243744974978,
      -0.9661770487081948,
      1.0
    ]
  ],
  "metric_names": [
    "trace_pre",
    "trace_post",
    "max_dim_var",
    "norm_var",
    "mean_cosine_dev",
    "top_eigenvalue",
    "effective_rank",
    "spectral_entropy",
    "top1_ratio"
  ],
  "ensembles": {
    "avg_all": {
      "rho": 0.22462784251137002,
      "rho_ci_lo": 0.13857471581976843,
      "rho_ci_hi": 0.30640365412841153,
      "auroc": 0.5637019230769231,
      "delta_vs_trace_pre": -0.07486887547550192
    },
    "avg_signal_only": {
      "rho": 0.24713858855435422,
      "rho_ci_lo": 0.16031823565402537,
      "rho_ci_hi": 0.3261276637219019,
      "auroc": 0.5648544520547946,
      "delta_vs_trace_pre": -0.05235812943251772
    },
    "weighted_signed": {
      "rho": 0.28060893043572177,
      "rho_ci_lo": 0.19569062158740605,
      "rho_ci_hi": 0.3582068643948958,
      "auroc": 0.5741570073761855,
      "delta_vs_trace_pre": -0.01888778755115017
    },
    "rank_avg": {
      "rho": 0.29245005885337866,
      "rho_ci_lo": 0.20775339095287315,
      "rho_ci_hi": 0.370297409621286,
      "auroc": 0.5814344046364595,
      "delta_vs_trace_pre": -0.007046659133493283
    },
    "PC1": {
      "rho": -0.09712992451969808,
      "rho_ci_lo": -0.17954618440531528,
      "rho_ci_hi": -0.010457100948653493,
      "auroc": 0.4792050842992624,
      "delta_vs_trace_pre": -0.39662664250657004
    },
    "PC2": {
      "rho": -0.32969104676418703,
      "rho_ci_lo": -0.40758013309114444,
      "rho_ci_hi": -0.2470208290737746,
      "auroc": 0.4026442307692308,
      "delta_vs_trace_pre": -0.629187764751059
    },
    "PC3": {
      "rho": -0.06409696038784155,
      "rho_ci_lo": -0.148956881980208,
      "rho_ci_hi": 0.02114520720149683,
      "auroc": 0.4546232876712329,
      "delta_vs_trace_pre": -0.36359367837471346
    },
    "PC4": {
      "rho": 0.0374000216000864,
      "rho_ci_lo": -0.05009831810274413,
      "rho_ci_hi": 0.12888462582393573,
      "auroc": 0.4911913856691254,
      "delta_vs_trace_pre": -0.26209669638678557
    },
    "PC5": {
      "rho": 0.2529638918555674,
      "rho_ci_lo": 0.16685497558898416,
      "rho_ci_hi": 0.3348529426165014,
      "auroc": 0.5311676765015806,
      "delta_vs_trace_pre": -0.04653282613130455
    },
    "ridge_cv": {
      "rho": 0.3670711962847851,
      "rho_ci_lo": 0.2870641553295055,
      "rho_ci_hi": 0.4449231258569336,
      "auroc": 0.5857646206533192,
      "delta_vs_trace_pre": 0.06757447829791313
    },
    "ridge_cv_signal": {
      "rho": 0.33964292657170625,
      "rho_ci_lo": 0.25740086982920046,
      "rho_ci_hi": 0.41601133624212905,
      "auroc": 0.5690364857744995,
      "delta_vs_trace_pre": 0.04014620858483431
    }
  },
  "pca_explained_variance": [
    0.7285944446033745,
    0.1946132865132263,
    0.04862642077369733,
    0.011955903207804512,
    0.007185474823483618
  ],
  "elapsed_seconds": 84.91114521026611
}