{
  "model": "clip_b32",
  "N": 500,
  "T": 64,
  "p": 0.01,
  "degradations": {
    "blur_r5": {
      "trace_pre": {
        "frac_increased": 0.802,
        "frac_decreased": 0.198,
        "mean_diff": 0.002363308798521757,
        "median_diff": 0.0025046681985259056,
        "rel_change_pct": 28.280389308929443,
        "wilcoxon_p_two_sided": 1.0285530728144157e-42,
        "wilcoxon_p_greater": 5.142765364072079e-43,
        "dominant_direction": "UP",
        "dominant_frac": 0.802,
        "clean_mean": 0.00835670530796051,
        "degraded_mean": 0.010720014572143555
      },
      "trace_post": {
        "frac_increased": 0.596,
        "frac_decreased": 0.404,
        "mean_diff": 5.550039077206748e-06,
        "median_diff": 8.245053322752938e-06,
        "rel_change_pct": 7.181091606616974,
        "wilcoxon_p_two_sided": 1.2832418860853068e-06,
        "wilcoxon_p_greater": 6.416209430426534e-07,
        "dominant_direction": "UP",
        "dominant_frac": 0.596,
        "clean_mean": 7.728684431640431e-05,
        "degraded_mean": 8.283688657684252e-05
      },
      "max_dim_var": {
        "frac_increased": 0.708,
        "frac_decreased": 0.292,
        "mean_diff": 0.16284193098545074,
        "median_diff": 0.13829581439495087,
        "rel_change_pct": 62.26850152015686,
        "wilcoxon_p_two_sided": 1.0263217196960765e-21,
        "wilcoxon_p_greater": 5.131608598480383e-22,
        "dominant_direction": "UP",
        "dominant_frac": 0.708,
        "clean_mean": 0.261515736579895,
        "degraded_mean": 0.42435765266418457
      },
      "norm_var": {
        "frac_increased": 0.65,
        "frac_decreased": 0.35,
        "mean_diff": 0.10334748029708862,
        "median_diff": 0.0935978814959526,
        "rel_change_pct": 54.41177487373352,
        "wilcoxon_p_two_sided": 5.531994201374464e-15,
        "wilcoxon_p_greater": 2.765997100687232e-15,
        "dominant_direction": "UP",
        "dominant_frac": 0.65,
        "clean_mean": 0.18993587791919708,
        "degraded_mean": 0.2932833433151245
      },
      "mean_cosine_dev": {
        "frac_increased": 0.596,
        "frac_decreased": 0.404,
        "mean_diff": 0.0014163621235638857,
        "median_diff": 0.0021285712718963623,
        "rel_change_pct": 7.191365212202072,
        "wilcoxon_p_two_sided": 1.3805572507408215e-06,
        "wilcoxon_p_greater": 6.902786253704107e-07,
        "dominant_direction": "UP",
        "dominant_frac": 0.596,
        "clean_mean": 0.01969531551003456,
        "degraded_mean": 0.021111678332090378
      },
      "top_eigenvalue": {
        "frac_increased": 0.62,
        "frac_decreased": 0.38,
        "mean_diff": 0.2026900075674057,
        "median_diff": 0.21779373288154602,
        "rel_change_pct": 19.31727104828026,
        "wilcoxon_p_two_sided": 2.0173217588848885e-08,
        "wilcoxon_p_greater": 1.0086608794424443e-08,
        "dominant_direction": "UP",
        "dominant_frac": 0.62,
        "clean_mean": 1.0492683312296867,
        "degraded_mean": 1.2519583387970925
      },
      "effective_rank": {
        "frac_increased": 0.48,
        "frac_decreased": 0.52,
        "mean_diff": -0.7107538970658859,
        "median_diff": -0.3997253236902165,
        "rel_change_pct": -4.903283989099653,
        "wilcoxon_p_two_sided": 0.13063450310525324,
        "wilcoxon_p_greater": 0.9346827484473734,
        "dominant_direction": "DOWN",
        "dominant_frac": 0.52,
        "clean_mean": 14.495466684082384,
        "degraded_mean": 13.784712787016499
      },
      "spectral_entropy": {
        "frac_increased": 0.426,
        "frac_decreased": 0.574,
        "mean_diff": -0.027150614261627196,
        "median_diff": -0.05709338188171387,
        "rel_change_pct": -0.8259546792054184,
        "wilcoxon_p_two_sided": 0.009905760786139523,
        "wilcoxon_p_greater": 0.9950471196069303,
        "dominant_direction": "DOWN",
        "dominant_frac": 0.574,
        "clean_mean": 3.287179665565491,
        "degraded_mean": 3.2600290513038637
      },
      "top1_ratio": {
        "frac_increased": 0.484,
        "frac_decreased": 0.516,
        "mean_diff": -0.013886210420443752,
        "median_diff": -0.006915826722389287,
        "rel_change_pct": -5.968375310334393,
        "wilcoxon_p_two_sided": 0.0692236539152968,
        "wilcoxon_p_greater": 0.9653881730423516,
        "dominant_direction": "DOWN",
        "dominant_frac": 0.516,
        "clean_mean": 0.23266315703034673,
        "degraded_mean": 0.21877694660990296
      }
    },
    "blur_r15": {
      "trace_pre": {
        "frac_increased": 0.602,
        "frac_decreased": 0.398,
        "mean_diff": 0.0006687486893497407,
        "median_diff": 0.0007616830989718437,
        "rel_change_pct": 8.002539724111557,
        "wilcoxon_p_two_sided": 3.128944001673517e-07,
        "wilcoxon_p_greater": 1.5644720008367585e-07,
        "dominant_direction": "UP",
        "dominant_frac": 0.602,
        "clean_mean": 0.00835670530796051,
        "degraded_mean": 0.0090254545211792
      },
      "trace_post": {
        "frac_increased": 0.374,
        "frac_decreased": 0.626,
        "mean_diff": -1.0758304597402457e-05,
        "median_diff": -8.10384881333448e-06,
        "rel_change_pct": -13.919968903064728,
        "wilcoxon_p_two_sided": 8.976464710430676e-11,
        "wilcoxon_p_greater": 1.0,
        "dominant_direction": "DOWN",
        "dominant_frac": 0.626,
        "clean_mean": 7.728684431640431e-05,
        "degraded_mean": 6.652854062849656e-05
      },
      "max_dim_var": {
        "frac_increased": 0.702,
        "frac_decreased": 0.298,
        "mean_diff": 0.18171603977680206,
        "median_diff": 0.14617031812667847,
        "rel_change_pct": 69.48570013046265,
        "wilcoxon_p_two_sided": 2.901401615979841e-24,
        "wilcoxon_p_greater": 1.4507008079899204e-24,
        "dominant_direction": "UP",
        "dominant_frac": 0.702,
        "clean_mean": 0.261515736579895,
        "degraded_mean": 0.44323182106018066
      },
      "norm_var": {
        "frac_increased": 0.656,
        "frac_decreased": 0.344,
        "mean_diff": 0.12372178584337234,
        "median_diff": 0.08684097230434418,
        "rel_change_pct": 65.13871550559998,
        "wilcoxon_p_two_sided": 5.955027085363181e-18,
        "wilcoxon_p_greater": 2.9775135426815905e-18,
        "dominant_direction": "UP",
        "dominant_frac": 0.656,
        "clean_mean": 0.18993587791919708,
        "degraded_mean": 0.31365764141082764
      },
      "mean_cosine_dev": {
        "frac_increased": 0.374,
        "frac_decreased": 0.626,
        "mean_diff": -0.0027778460644185543,
        "median_diff": -0.002085357904434204,
        "rel_change_pct": -14.104095101356506,
        "wilcoxon_p_two_sided": 8.686506375310543e-11,
        "wilcoxon_p_greater": 1.0,
        "dominant_direction": "DOWN",
        "dominant_frac": 0.626,
        "clean_mean": 0.01969531551003456,
        "degraded_mean": 0.01691747084259987
      },
      "top_eigenvalue": {
        "frac_increased": 0.566,
        "frac_decreased": 0.434,
        "mean_diff": 0.10257118010520935,
        "median_diff": 0.13803547620773315,
        "rel_change_pct": 9.775495652766093,
        "wilcoxon_p_two_sided": 0.0033484015899330043,
        "wilcoxon_p_greater": 0.0016742007949665022,
        "dominant_direction": "UP",
        "dominant_frac": 0.566,
        "clean_mean": 1.0492683312296867,
        "degraded_mean": 1.151839511334896
      },
      "effective_rank": {
        "frac_increased": 0.442,
        "frac_decreased": 0.558,
        "mean_diff": -1.7222425414120734,
        "median_diff": -1.2041182345954464,
        "rel_change_pct": -11.881249351587178,
        "wilcoxon_p_two_sided": 4.967750049191526e-05,
        "wilcoxon_p_greater": 0.999975161249754,
        "dominant_direction": "DOWN",
        "dominant_frac": 0.558,
        "clean_mean": 14.495466684082384,