{
  "model": "clip_b32",
  "N": 500,
  "T": 64,
  "p": 0.01,
  "accuracy": 0.584,
  "metrics": {
    "trace_pre": {
      "rho": 0.29949671798687194,
      "rho_ci_lo": 0.214333745993833,
      "rho_ci_hi": 0.37745515950595676,
      "perm_p": 0.0001999600079984003,
      "auroc": 0.5697609325605901,
      "auroc_ci_lo": 0.5167092326457872,
      "auroc_ci_hi": 0.6220821267637918,
      "verdict": "SIGNAL"
    },
    "trace_post": {
      "rho": 0.2145134340537362,
      "rho_ci_lo": 0.1269906575934579,
      "rho_ci_hi": 0.293373943090226,
      "perm_p": 0.0001999600079984003,
      "auroc": 0.5598327186512118,
      "auroc_ci_lo": 0.5077685563403684,
      "auroc_ci_hi": 0.6108226992150614,
      "verdict": "SIGNAL"
    },
    "max_dim_var": {
      "rho": 0.09237771351085404,
      "rho_ci_lo": 0.004984858244946527,
      "rho_ci_hi": 0.177781987098392,
      "perm_p": 0.039192161567686463,
      "auroc": 0.5246641201264489,
      "auroc_ci_lo": 0.4731590294832228,
      "auroc_ci_hi": 0.5779669648363859,
      "verdict": "WEAK"
    },
    "norm_var": {
      "rho": 0.04073373093492374,
      "rho_ci_lo": -0.047753632671702004,
      "rho_ci_hi": 0.12850275029926553,
      "perm_p": 0.36172765446910615,
      "auroc": 0.5235774499473129,
      "auroc_ci_lo": 0.47166982459798273,
      "auroc_ci_hi": 0.5777693166915706,
      "verdict": "NULL"
    },
    "mean_cosine_dev": {
      "rho": 0.2144926122660947,
      "rho_ci_lo": 0.12698954682676228,
      "rho_ci_hi": 0.2933243357565916,
      "perm_p": 0.0001999600079984003,
      "auroc": 0.5598162539515279,
      "auroc_ci_lo": 0.5077444502780164,
      "auroc_ci_hi": 0.6108064851278272,
      "verdict": "SIGNAL"
    },
    "top_eigenvalue": {
      "rho": 0.10300025200100799,
      "rho_ci_lo": 0.017888890069298204,
      "rho_ci_hi": 0.18646188723146848,
      "perm_p": 0.020795840831833633,
      "auroc": 0.5198070337197049,
      "auroc_ci_lo": 0.46830982165001217,
      "auroc_ci_hi": 0.5725328789118264,
      "verdict": "WEAK"
    },
    "effective_rank": {
      "rho": 0.07513220452881811,
      "rho_ci_lo": -0.009171416815351045,
      "rho_ci_hi": 0.15996087006002813,
      "perm_p": 0.09198160367926415,
      "auroc": 0.5299986828240253,
      "auroc_ci_lo": 0.47727364333597516,
      "auroc_ci_hi": 0.5821470020558414,
      "verdict": "NULL"
    },
    "spectral_entropy": {
      "rho": 0.06172104688418753,
      "rho_ci_lo": -0.022579165277336707,
      "rho_ci_hi": 0.14776947601989274,
      "perm_p": 0.16656668666266747,
      "auroc": 0.530179794520548,
      "auroc_ci_lo": 0.47902285796695177,
      "auroc_ci_hi": 0.5822003536797146,
      "verdict": "NULL"
    },
    "top1_ratio": {
      "rho": -0.07874498697994792,
      "rho_ci_lo": -0.1635313835424751,
      "rho_ci_hi": 0.007780219904594549,
      "perm_p": 0.07798440311937613,
      "auroc": 0.47634022655426767,
      "auroc_ci_lo": 0.4233512259573536,
      "auroc_ci_hi": 0.5290810784075405,
      "verdict": "NULL"
    }
  },
  "elapsed_seconds": 95.07506680488586
}