{
  "experiment": "exp0b_norm_geometry",
  "model": "clip_b32",
  "num_images": 200,
  "trials": 3,
  "passes": 32,
  "dropout": 0.01,
  "injected_linear_dropout_wrappers": 36,
  "pre_norm": {
    "trace_per_dim": {
      "mean": 0.01111203839260129,
      "std": 0.0021590968778050623,
      "median": 0.010945388101880466,
      "p25": 0.009343903875032419,
      "p75": 0.012671067932261915
    },
    "offdiag_mass_ratio": {
      "mean": 0.9502184432902095,
      "std": 0.019077089051797794,
      "median": 0.9551478455803646,
      "p25": 0.9400515715291883,
      "p75": 0.9646603156698977
    },
    "eigs_top10_mean": [
      1.5741322080055624,
      0.6782881984611566,
      0.46901907576778606,
      0.36056965193094276,
      0.291588067763371,
      0.24301881755362842,
      0.2064683255521744,
      0.18034914458021267,
      0.15957802391883213,
      0.14234658681155202
    ]
  },
  "post_norm": {
    "trace_per_dim": {
      "mean": 8.044348725682114e-05,
      "std": 1.713649205814966e-05,
      "median": 7.906804983655252e-05,
      "p25": 6.818221795147802e-05,
      "p75": 9.286638989468491e-05
    },
    "offdiag_mass_ratio": {
      "mean": 0.9765173727547432,
      "std": 0.004476688927892577,
      "median": 0.9765083484406747,
      "p25": 0.9733186570683829,
      "p75": 0.9795373545329744
    },
    "eigs_top10_mean": [
      0.011860872185903292,
      0.004933745846836516,
      0.0034002595289476874,
      0.0025914706456681997,
      0.0020806573658256017,
      0.0017318123501262135,
      0.0014630939346559062,
      0.001278224947255485,
      0.0011269896118751266,
      0.001003299835636653
    ]
  },
  "angular": {
    "angular_var": {
      "mean": 0.006246092263609171,
      "std": 0.004423767793923616,
      "median": 0.005280334502458572,
      "p25": 0.002536854357458651,
      "p75": 0.008832276100292802
    }
  }
}