{
  "experiment": "exp0_nested_mc",
  "model": "siglip2_b16",
  "dropout": 0.01,
  "trials": 10,
  "passes": [
    4,
    16,
    64
  ],
  "num_images": 500,
  "nested_extraction": true,
  "results": {
    "T=4": {
      "pre_norm": {
        "num_trials": 10.0,
        "num_images": 500.0,
        "signal": 1.6808193095130264e-06,
        "noise": 1.7391249684806098e-06,
        "snr": 0.9664741407177183,
        "icc": 0.4642304620369397,
        "pairwise_spearman_median": 0.48241293322964346,
        "pairwise_spearman_iqr": 0.036266653058287246,
        "pairwise_spearman_q25": 0.4633864615458461,
        "pairwise_spearman_q75": 0.49965311460413336,
        "status": "failed"
      },
      "post_norm": {
        "num_trials": 10.0,
        "num_images": 500.0,
        "signal": 1.7604079305399978e-10,
        "noise": 1.1005527739138543e-10,
        "snr": 1.5995670287391357,
        "icc": 0.5999307079347892,
        "pairwise_spearman_median": 0.6006368665474663,
        "pairwise_spearman_iqr": 0.03226966507866025,
        "pairwise_spearman_q25": 0.5873543494173976,
        "pairwise_spearman_q75": 0.6196240144960579,
        "status": "marginal"
      }
    },
    "T=16": {
      "pre_norm": {
        "num_trials": 10.0,
        "num_images": 500.0,
        "signal": 2.3553061510028783e-06,
        "noise": 6.066009063943056e-07,
        "snr": 3.8827936558866116,
        "icc": 0.7909171916299316,
        "pairwise_spearman_median": 0.7764778899115596,
        "pairwise_spearman_iqr": 0.014319609278437007,
        "pairwise_spearman_q25": 0.7690838443353774,
        "pairwise_spearman_q75": 0.7834034536138144,
        "status": "marginal"
      },
      "post_norm": {
        "num_trials": 10.0,
        "num_images": 500.0,
        "signal": 2.581714564353632e-10,
        "noise": 3.8521370121502585e-11,
        "snr": 6.702032031079087,
        "icc": 0.868456216127035,
        "pairwise_spearman_median": 0.8479977919911679,
        "pairwise_spearman_iqr": 0.010790731162924616,
        "pairwise_spearman_q25": 0.8433816135264541,
        "pairwise_spearman_q75": 0.8541723446893787,
        "status": "usable"
      }
    },
    "T=64": {
      "pre_norm": {
        "num_trials": 10.0,
        "num_images": 500.0,
        "signal": 2.477023144820123e-06,
        "noise": 1.6481132547596644e-07,
        "snr": 15.029447385770428,
        "icc": 0.9372231861672188,
        "pairwise_spearman_median": 0.9299831759327036,
        "pairwise_spearman_iqr": 0.005856023424093748,
        "pairwise_spearman_q25": 0.9272753891015563,
        "pairwise_spearman_q75": 0.93313141252565,
        "status": "usable"
      },
      "post_norm": {
        "num_trials": 10.0,
        "num_images": 500.0,
        "signal": 2.7708768612910717e-10,
        "noise": 1.0458895902121235e-11,
        "snr": 26.49301501059106,
        "icc": 0.9634943385810455,
        "pairwise_spearman_median": 0.9560892073029703,
        "pairwise_spearman_iqr": 0.00257540230160902,
        "pairwise_spearman_q25": 0.9549751479005917,
        "pairwise_spearman_q75": 0.9575505502022007,
        "status": "usable"
      }
    }
  }
}